Spanish,English,Tengo muchos esta vez,I have many this time
English,Spanish,"in mind, in my head","en mi mente, en mi cabeza"
English,Spanish,it is time to get up,Es hora de levantarse
English,Dutch,it is time to get up,Het is tijd om op te staan.
German,Dutch,"a good book, a good dog","een goed boek, een goede hond"
German,Dutch,ich lese das jetzt,Ik ben dit nu aan het lezen.
English,Dutch,i read it three times,Ik heb het drie keer gelezen.
English,Dutch,"good book, good dog","goed boek, goede hond"
English,Dutch,"the good book, the good dog","het goede boek, de goede hond"
Dutch,English,Niemand deed me pijn.,Nobody hurt me.
English,Dutch,she is in front of me,ze staat voor mij
English,Dutch,she is behind me,ze staat achter mij
English,Dutch,we are,wij zijn
English,Dutch,i have my keys,Ik heb mijn sleutels.
English,Dutch,study grammar,grammatica bestuderen
English,Dutch,it is not as important as,het is niet zo belangrijk als
English,Spanish,the soup is tasty,la sopa es sabrosa
English,Spanish,coffee is a nice drink,El café es una bebida agradable
English,Spanish,"eventually, we will have options on the home page",Eventualmente tendremos opciones en la página de inicio.
English,Spanish,to start,Para empezar
English,Spanish,it is important to regularly and consistently study grammar,Es importante estudiar gramática de forma regular y constante.
English,Spanish,I don't think I will ever see it,No creo que lo vea nunca
Spanish,English,se estrena,premieres
English,Spanish,there is not a big difference,No hay una gran diferencia
English,Spanish,it will be easier,Será más fácil
English,Spanish,"after you get started, it is easier","Una vez que empiezas, es más fácil."
English,Spanish,I want to program applications,Quiero programar aplicaciones
English,Spanish,I want to develop software,Quiero desarrollar software
Spanish,English,casi lo dije completamente correcto,I almost said it completely correctly.
English,Spanish,"in order to speak correctly, you need to know grammar","Para hablar correctamente, necesitas saber gramática."
Spanish,English,no escuchamos ciertas canciones,We don't listen to certain songs
English,Spanish,it was simpler than I thought,Fue más sencillo de lo que pensaba
English,Spanish,it was easier than I thought,Fue más fácil de lo que pensaba
English,Dutch,and now we will switch to Spanish,En nu schakelen we over naar het Spaans.
Spanish,English,te cuento,I'll tell you
Dutch,English,alen volledig in het Spaans schrijven om te oefenen,write completely in Spanish to practice
Dutch,English,met hernieuwde vastberadenheid,with renewed determination
Dutch,English,Ik had gelijk toen ik besloot om systematischer te studeren,I was right when I decided to study more systematically
Dutch,English,Dat zijn de juiste woorden die ik moet onthouden.,Those are the right words for me to remember.
Dutch,English,zei,said
Dutch,English,negeren,to ignore
English,Spanish,I start now,Empiezo ahora
English,Spanish,"sorry, I forgot I wanted to start with Dutch","Lo siento, olvidé que quería empezar con holandés."
English,Spanish,it is correct,es correcto
English,Spanish,because I want to get finished,Porque quiero terminar
English,Spanish,but let me continue again,pero déjame continuar de nuevo
English,Spanish,I think I need a new computer,Creo que necesito una computadora nueva
English,Spanish,"yes, that is true","Sí, eso es cierto"
English,Spanish,not always but maybe one can say often,"No siempre, pero quizá se podría decir a menudo."
English,Spanish,I study,Yo estudio
English,Spanish,but now I continue,pero ahora sigo
English,Spanish,I think I left the record button on,Creo que dejé el botón de grabar activado
English,Spanish,I think this sentence is true,Creo que esta frase es cierta
English,Spanish,I find,yo encuentro
English,Spanish,I have been learning Spanish again for three months,Llevo tres meses aprendiendo español de nuevo.
English,Dutch,that was correct what I said,Dat klopte wat ik zei.
English,Dutch,it is a difficult word,Het is een moeilijk woord.
English,Dutch,those two versions are useful for the future,Die twee versies zijn nuttig voor de toekomst.
English,Dutch,they don't deviate that much from the correct versions,Ze wijken niet zo veel af van de correcte versies.
Dutch,English,ze weken niet zo veel af van de correcte versies,they didn't deviate that much from the correct versions
English,Dutch,the words that I chose were not that far off the correct versions,"De woorden die ik koos, weken niet zo veel af van de correcte versies."
English,Dutch,but I want to build quizzes into my site to practice,Maar ik wil quizzen op mijn site bouwen om te oefenen.
English,Dutch,the sentence,de zin
English,Dutch,I find that sentence funny,Ik vind die zin grappig.
English,Dutch,I think I can learn more without a tutor,Ik denk dat ik meer kan leren zonder bijles.
English,Dutch,that is a cute expression,Dat is een schattige uitdrukking.
English,Dutch,but let me continue,maar laat me verdergaan
Dutch,English,te binnen,within
Dutch,English,binnen.,inside.
Dutch,English,het schoot me niet te binnen.,it didn't occur to me.
English,Dutch,"I was looking for the word, but it didn't come to mind","Ik zocht naar het woord, maar het schoot me niet te binnen."
English,Dutch,"now the word is like this, before the word was different","Nu is het woord zo, vroeger was het woord anders."
English,Dutch,it will also change the way I listen to Dutch,Het zal ook de manier veranderen waarop ik naar Nederlands luister.
English,Dutch,it will be an important concept,Het zal een belangrijk concept zijn.
English,Dutch,I will learn the meanings of the words better,Ik zal de betekenis van de woorden beter leren.
English,Dutch,I think when I listen to these sentences again,"Ik denk dat wanneer ik deze zinnen opnieuw beluister, ik dat zal doen."
English,Dutch,that sentence was almost one hundred percent correct,Die zin was bijna honderd procent correct.
English,Dutch,it is something that I have to practice,Het is iets wat ik moet oefenen.
English,Dutch,but I notice that it is difficult to speak freely in Dutch,Maar ik merk dat het moeilijk is om vrijuit te spreken in het Nederlands.
English,Dutch,"and in our time today, we have the tools to accomplish this",En in onze tijd beschikken we over de middelen om dit te bereiken.
English,Dutch,the way we are doing it is useful,De manier waarop we het doen is nuttig.
English,Dutch,I want to get to a point that I speak long sentences in Dutch easily,Ik wil een punt bereiken waarop ik moeiteloos lange zinnen in het Nederlands kan spreken.
English,Dutch,it is useful that I force myself to build these sentences,Het is nuttig dat ik mezelf dwing om deze zinnen te construeren.
English,Dutch,"you pronounce this word not like this, but like this","Je spreekt dit woord niet zo uit, maar zo:"
English,Dutch,for example,Bijvoorbeeld
English,Dutch,you have to find a way that you choose Dutch words,Je moet een manier vinden om Nederlandse woorden te kiezen.
English,Dutch,"I find when we do this part where I make comments on the text, I learn other aspects of the language","Ik merk dat ik, wanneer ik commentaar geef op de tekst, ook andere aspecten van de taal leer."
English,Dutch,"I want to learn not only Spanish, but also Italian","Ik wil niet alleen Spaans leren, maar ook Italiaans."
English,Dutch,that is fantastic,Dat is fantastisch!
English,Dutch,"ok so, now we can begin reading the text","Oké, nu kunnen we beginnen met het lezen van de tekst."
English,Dutch,you can hear that the two words are pronounced the same way,Je kunt horen dat de twee woorden op dezelfde manier worden uitgesproken.
English,Dutch,I want to read Dutch and insert spontaneous comments.,Ik wil Nederlands lezen en spontaan commentaar toevoegen.
Dutch,English,en bedacht ik hoe nuttig die voor me was.,and I thought how useful it was to me.
Dutch,English,Tijdens het lezen van een artikel kwam ik de zin tegen,While reading an article I came across the phrase
Dutch,English,dat ik ze moet onthouden,that I have to remember them
Dutch,English,maar in werkelijkheid studeer ik in mijn eentje,but in reality I study alone